;Code;Group_ID;Group;Question_ID;QuestionType;Question;ShortQuestion;Answers
0;id;0;Metadata;0;;Respons-ID;Respons-ID;
1;submitdate;0;Metadata;1;;Datum verzonden;Datum verzonden;
2;lastpage;0;Metadata;2;;Laatste pagina;Laatste pagina;
3;startlanguage;0;Metadata;3;;Begin taal;Begin taal;
4;seed;0;Metadata;4;;Plaats;Plaats;
5;startdate;0;Metadata;5;;Startdatum;Startdatum;
6;datestamp;0;Metadata;6;;Datum laatste actie;Datum laatste actie;
7;ipaddr;0;Metadata;7;;IP-adres;IP-adres;
8;year;1;General info;8;number;In welk jaar is uw organisatie opgericht?;In welk jaar is uw organisatie opgericht?;
9;Nemployees;1;General info;9;number;Hoeveel mensen heeft uw organisatie vandaag in dienst?;Hoeveel mensen heeft uw organisatie vandaag in dienst?;
10;Ncommunities;1;General info;10;number;Hoeveel gemeenten bedient u?;Hoeveel gemeenten bedient u?;
11;management;1;General info;11;bool;Is er een directie in uw organisatie?;Is er een directie in uw organisatie?;Ja$Nee
12;freeINDandDEC;1;General info;12;likert;Hoe beoordeelt u de organisatorische vrijheden van uw organisatie ten opzichte van de gemeenten?;Hoe beoordeelt u de organisatorische vrijheden van uw organisatie ten opzichte van de gemeenten?;
13;freeFINandGOV;1;General info;13;likert;Hoe beoordeelt u het niveau van beleidsautonomie dat uw organisatie heeft ten opzichte van de gemeenten?    ;Hoe beoordeelt u het niveau van beleidsautonomie dat uw organisatie heeft ten opzichte van de gemeenten?    ;
14;AREAtotal;1;General info;14;number;Wat is de totale oppervlakte A [ha] van het beheerde gebied?;Wat is de totale oppervlakte A [ha] van het beheerde gebied?;
15;AREAred;1;General info;15;number;Wat is de grootte van het afvoerende verhard oppervlak in het verzorgingsgebied van de RWZI?;Wat is de grootte van het afvoerende verhard oppervlak in het verzorgingsgebied van de RWZI?;
16;facilities[SQ001];1;General info;16;multiselect;Welke faciliteiten exploiteert uw bedrijf anders dan de RWZI? [De RWZI (geen bergingsbassins, geen riolering)];Welke faciliteiten exploiteert uw bedrijf anders dan de RWZI? ;De RWZI (geen bergingsbassins, geen riolering)
17;facilities[SQ002];1;General info;16;multiselect;Welke faciliteiten exploiteert uw bedrijf anders dan de RWZI? [Gemengde riooloverstorten  in eigendom van gemeenten];Welke faciliteiten exploiteert uw bedrijf anders dan de RWZI? ;Gemengde riooloverstorten  in eigendom van gemeenten
18;facilities[SQ003];1;General info;16;multiselect;Welke faciliteiten exploiteert uw bedrijf anders dan de RWZI? [Gemengde riooloverstorten in eigendom van uw organisatie];Welke faciliteiten exploiteert uw bedrijf anders dan de RWZI? ;Gemengde riooloverstorten in eigendom van uw organisatie
19;facilities[SQ004];1;General info;16;multiselect;Welke faciliteiten exploiteert uw bedrijf anders dan de RWZI? [Delen van het rioleringsstelsel in eigendom van de gemeenten];Welke faciliteiten exploiteert uw bedrijf anders dan de RWZI? ;Delen van het rioleringsstelsel in eigendom van de gemeenten
20;facilities[SQ005];1;General info;16;multiselect;Welke faciliteiten exploiteert uw bedrijf anders dan de RWZI? [Aandelen van het rioleringsstelsel in eigendom van de organisatie];Welke faciliteiten exploiteert uw bedrijf anders dan de RWZI? ;Aandelen van het rioleringsstelsel in eigendom van de organisatie
21;NCSOs;2;Sewer infrastructure elements;17;number;Hoeveel gemengde riooloverstorten  beheert uw organisatie?;Hoeveel gemengde riooloverstorten  beheert uw organisatie?;
22;CSOrehab;2;Sewer infrastructure elements;18;bool;Is er in de afgelopen 5 jaar een renovatie uitgevoerd aan een gemengde riooloverstort ?;Is er in de afgelopen 5 jaar een renovatie uitgevoerd aan een gemengde riooloverstort ?;Ja$Nee
23;CSOinvest;2;Sewer infrastructure elements;19;bool;Zijn er investeringen gepland voor de renovatie gemengde riooloverstorten) in de komende 5 jaar?;Zijn er investeringen gepland voor de renovatie gemengde riooloverstorten) in de komende 5 jaar?;Ja$Nee
24;Npumpstat;2;Sewer infrastructure elements;20;number;Hoeveel rioolgemalen beheert uw afvalwaterassociatie?;Hoeveel rioolgemalen beheert uw afvalwaterassociatie?;
25;MvarCSO[SQ001];3;Monitoring technology for CSOs;21;multiselect;Hieronder ziet u een selectie van variabelen en afgeleide hoeveelheden die gemeten kunnen worden bij gemengde riooloverstorten. Vink de gemeten variabelen aan die uw afvalwaterassociatie registreert.    [Debiet naar de RWZI [l/s]];Hieronder ziet u een selectie van variabelen en afgeleide hoeveelheden die gemeten kunnen worden bij gemengde riooloverstorten. Vink de gemeten variabelen aan die uw afvalwaterassociatie registreert.    ;Debiet naar de RWZI [l/s]
26;MvarCSO[SQ002];3;Monitoring technology for CSOs;21;multiselect;Hieronder ziet u een selectie van variabelen en afgeleide hoeveelheden die gemeten kunnen worden bij gemengde riooloverstorten. Vink de gemeten variabelen aan die uw afvalwaterassociatie registreert.    [Waterpeil in de gemengde riooloverstort [m]];Hieronder ziet u een selectie van variabelen en afgeleide hoeveelheden die gemeten kunnen worden bij gemengde riooloverstorten. Vink de gemeten variabelen aan die uw afvalwaterassociatie registreert.    ;Waterpeil in de gemengde riooloverstort [m]
27;MvarCSO[SQ003];3;Monitoring technology for CSOs;21;multiselect;Hieronder ziet u een selectie van variabelen en afgeleide hoeveelheden die gemeten kunnen worden bij gemengde riooloverstorten. Vink de gemeten variabelen aan die uw afvalwaterassociatie registreert.    [Duur van de lozing];Hieronder ziet u een selectie van variabelen en afgeleide hoeveelheden die gemeten kunnen worden bij gemengde riooloverstorten. Vink de gemeten variabelen aan die uw afvalwaterassociatie registreert.    ;Duur van de lozing
28;MvarCSO[SQ004];3;Monitoring technology for CSOs;21;multiselect;Hieronder ziet u een selectie van variabelen en afgeleide hoeveelheden die gemeten kunnen worden bij gemengde riooloverstorten. Vink de gemeten variabelen aan die uw afvalwaterassociatie registreert.    [Frequentie van lozingen (lozingen/jaar)];Hieronder ziet u een selectie van variabelen en afgeleide hoeveelheden die gemeten kunnen worden bij gemengde riooloverstorten. Vink de gemeten variabelen aan die uw afvalwaterassociatie registreert.    ;Frequentie van lozingen (lozingen/jaar)
29;MvarCSO[SQ005];3;Monitoring technology for CSOs;21;multiselect;Hieronder ziet u een selectie van variabelen en afgeleide hoeveelheden die gemeten kunnen worden bij gemengde riooloverstorten. Vink de gemeten variabelen aan die uw afvalwaterassociatie registreert.    [Overstortingsvolume];Hieronder ziet u een selectie van variabelen en afgeleide hoeveelheden die gemeten kunnen worden bij gemengde riooloverstorten. Vink de gemeten variabelen aan die uw afvalwaterassociatie registreert.    ;Overstortingsvolume
30;MvarCSO[other];3;Monitoring technology for CSOs;21;multiselect_text;Hieronder ziet u een selectie van variabelen en afgeleide hoeveelheden die gemeten kunnen worden bij gemengde riooloverstorten. Vink de gemeten variabelen aan die uw afvalwaterassociatie registreert.    [Overige];Hieronder ziet u een selectie van variabelen en afgeleide hoeveelheden die gemeten kunnen worden bij gemengde riooloverstorten. Vink de gemeten variabelen aan die uw afvalwaterassociatie registreert.    ;Overige
31;NinstrumCSO;3;Monitoring technology for CSOs;22;number;De volgende vraag betreft de monitoring van gemengde riooloverstorten. Met meetinstrumenten bedoelen we bijvoorbeeld:   • Overstortingsdetectoren  • Sensoren om waterdiepte, -niveau of -kwaliteit te meten  • etc.  Hoeveel van uw gemengde riooloverstorten zijn uitgerust met ten minste één dergelijk meetapparaat?;De volgende vraag betreft de monitoring van gemengde riooloverstorten. Met meetinstrumenten bedoelen we bijvoorbeeld:   • Overstortingsdetectoren  • Sensoren om waterdiepte, -niveau of -kwaliteit te meten  • etc.  Hoeveel van uw gemengde riooloverstorten zijn uitgerust met ten minste één dergelijk meetapparaat?;
32;Npluviom;3;Monitoring technology for CSOs;23;number;Hoeveel permanente geplaatste neerslagmeters heeft in beheer?;Hoeveel permanente geplaatste neerslagmeters heeft in beheer?;
33;WLmeas[SQ001];4;CSO data transmission and management;24;multiselect;Hoe wordt de data communicatie uitgevoerd ? [About fiber optics];Hoe wordt de data communicatie uitgevoerd ? ;About fiber optics
34;WLmeas[SQ002];4;CSO data transmission and management;24;multiselect;Hoe wordt de data communicatie uitgevoerd ? [Via fixed landline/a copper cable/cable tlemetry];Hoe wordt de data communicatie uitgevoerd ? ;Via fixed landline/a copper cable/cable tlemetry
35;WLmeas[SQ003];4;CSO data transmission and management;24;multiselect;Hoe wordt de data communicatie uitgevoerd ? [Wireless via GSM (mobile network)];Hoe wordt de data communicatie uitgevoerd ? ;Wireless via GSM (mobile network)
36;WLmeas[SQ004];4;CSO data transmission and management;24;multiselect;Hoe wordt de data communicatie uitgevoerd ? [Wireless via LoRaWAN (low-energy radio)];Hoe wordt de data communicatie uitgevoerd ? ;Wireless via LoRaWAN (low-energy radio)
37;WLmeas[SQ005];4;CSO data transmission and management;24;multiselect;Hoe wordt de data communicatie uitgevoerd ? [The measurement data is recorded on site, read out manually and can be stored on a physical storage medium (e.g. USB stick) and taken along];Hoe wordt de data communicatie uitgevoerd ? ;The measurement data is recorded on site, read out manually and can be stored on a physical storage medium (e.g. USB stick) and taken along
38;WLmeas[other];4;CSO data transmission and management;24;multiselect_text;Hoe wordt de data communicatie uitgevoerd ? [Overige];Hoe wordt de data communicatie uitgevoerd ? ;Overige
39;WLplants;4;CSO data transmission and management;25;singleselect;From how many plants are the water level data transmitted directly to the process control system (DCS) of the WWTP?;From how many plants are the water level data transmitted directly to the process control system (DCS) of the WWTP?;Van sommige$Geen$Van de meeste$Van alle
40;WLassess;4;CSO data transmission and management;26;singleselect;Hoe vaak worden de waterstand-/lozinggegevens geanalyseerd voor de beoordeling van het functioneren van het systeem?;Hoe vaak worden de waterstand-/lozinggegevens geanalyseerd voor de beoordeling van het functioneren van het systeem?;Nooit$De evaluatie wordt onregelmatig uitgevoerd, bijvoorbeeld tijdens de planning of bij de herziening van verschillende lange termijn plannen.$Bijna in realtime$Dagelijks$Meerdere keren per jaar$Eenmaal per maand$Jaarlijks
41;WLdataQlty;4;CSO data transmission and management;27;bool;Is de kwaliteit van onze waterstandbewakingsgegevens in onze organisatie goed?;Is de kwaliteit van onze waterstandbewakingsgegevens in onze organisatie goed?;Niet mee eens$Mee eens
42;WLdataQLTYbad[SQ001];4;CSO data transmission and management;28;multiselect;Naar onze mening ligt de oorzaak van de slechte gegevenskwaliteit in [De meetinstrumenten];Naar onze mening ligt de oorzaak van de slechte gegevenskwaliteit in ;De meetinstrumenten
43;WLdataQLTYbad[SQ002];4;CSO data transmission and management;28;multiselect;Naar onze mening ligt de oorzaak van de slechte gegevenskwaliteit in [De gegevensoverdracht];Naar onze mening ligt de oorzaak van de slechte gegevenskwaliteit in ;De gegevensoverdracht
44;WLdataQLTYbad[SQ003];4;CSO data transmission and management;28;multiselect;Naar onze mening ligt de oorzaak van de slechte gegevenskwaliteit in [De hydraulische omstandigheden op de meetlocatie];Naar onze mening ligt de oorzaak van de slechte gegevenskwaliteit in ;De hydraulische omstandigheden op de meetlocatie
45;WLdataQLTYbad[other];4;CSO data transmission and management;28;multiselect_text;Naar onze mening ligt de oorzaak van de slechte gegevenskwaliteit in [Overige];Naar onze mening ligt de oorzaak van de slechte gegevenskwaliteit in ;Overige
46;WQproblm2[SQ001];4;CSO data transmission and management;29;multiselect;Wij hebben de volgende problemen: [Ontbrekende metingen];Wij hebben de volgende problemen: ;Ontbrekende metingen
47;WQproblm2[SQ002];4;CSO data transmission and management;29;multiselect;Wij hebben de volgende problemen: [Drift in het meetsignaal];Wij hebben de volgende problemen: ;Drift in het meetsignaal
48;WQproblm2[SQ003];4;CSO data transmission and management;29;multiselect;Wij hebben de volgende problemen: [Ruis op het meetsignaal];Wij hebben de volgende problemen: ;Ruis op het meetsignaal
49;WQproblm2[SQ004];4;CSO data transmission and management;29;multiselect;Wij hebben de volgende problemen: [Wij zijn niet zeker van de nauwkeurigheid van de metingen];Wij hebben de volgende problemen: ;Wij zijn niet zeker van de nauwkeurigheid van de metingen
50;WQproblm2[other];4;CSO data transmission and management;29;multiselect_text;Wij hebben de volgende problemen: [Overige];Wij hebben de volgende problemen: ;Overige
51;ORGshare[SQ001];4;CSO data transmission and management;30;multiselect;Onze organisatie deelt de waterstandgegevens met derden   [Nee, dat doen we niet];Onze organisatie deelt de waterstandgegevens met derden   ;Nee, dat doen we niet
52;ORGshare[SQ002];4;CSO data transmission and management;30;multiselect;Onze organisatie deelt de waterstandgegevens met derden   [Ja, met een ingenieursbureau om de gegevenskwaliteit te beoordelen];Onze organisatie deelt de waterstandgegevens met derden   ;Ja, met een ingenieursbureau om de gegevenskwaliteit te beoordelen
53;ORGshare[SQ003];4;CSO data transmission and management;30;multiselect;Onze organisatie deelt de waterstandgegevens met derden   [Ja, om de nauwkeurigheid van onze simulatiemodellen te controleren];Onze organisatie deelt de waterstandgegevens met derden   ;Ja, om de nauwkeurigheid van onze simulatiemodellen te controleren
54;ORGshare[SQ004];4;CSO data transmission and management;30;multiselect;Onze organisatie deelt de waterstandgegevens met derden   [Ja, met lokale of regionale toezichthouders voor nalevingsbeoordeling];Onze organisatie deelt de waterstandgegevens met derden   ;Ja, met lokale of regionale toezichthouders voor nalevingsbeoordeling
55;ORGshare[other];4;CSO data transmission and management;30;multiselect_text;Onze organisatie deelt de waterstandgegevens met derden   [Overige];Onze organisatie deelt de waterstandgegevens met derden   ;Overige
56;MTavail;5;Added value through the use of measurement technology;31;bool;Is meettechnologie beschikbaar in uw gemengde riooloverstorten?;Is meettechnologie beschikbaar in uw gemengde riooloverstorten?;Ja$Nee
57;METex[SQ001];5;Added value through the use of measurement technology;32;3multiselect;De volgende voorbeelden beschrijven hoe beheerders kunnen profiteren van het gebruik van meettechnologie in stedelijke afwateringssystemen. Wat zijn de 3 redenen die u het meest zouden motiveren om metrologie te gebruiken? [De werking van het rioolsysteem zichtbaar maken];De volgende voorbeelden beschrijven hoe beheerders kunnen profiteren van het gebruik van meettechnologie in stedelijke afwateringssystemen. Wat zijn de 3 redenen die u het meest zouden motiveren om metrologie te gebruiken? ;De werking van het rioolsysteem zichtbaar maken
58;METex[SQ002];5;Added value through the use of measurement technology;32;3multiselect;De volgende voorbeelden beschrijven hoe beheerders kunnen profiteren van het gebruik van meettechnologie in stedelijke afwateringssystemen. Wat zijn de 3 redenen die u het meest zouden motiveren om metrologie te gebruiken? [Kosten- en tijdsbesparing van het personeel];De volgende voorbeelden beschrijven hoe beheerders kunnen profiteren van het gebruik van meettechnologie in stedelijke afwateringssystemen. Wat zijn de 3 redenen die u het meest zouden motiveren om metrologie te gebruiken? ;Kosten- en tijdsbesparing van het personeel
59;METex[SQ003];5;Added value through the use of measurement technology;32;3multiselect;De volgende voorbeelden beschrijven hoe beheerders kunnen profiteren van het gebruik van meettechnologie in stedelijke afwateringssystemen. Wat zijn de 3 redenen die u het meest zouden motiveren om metrologie te gebruiken? [Behoud van de waarde van de afvoersystemen];De volgende voorbeelden beschrijven hoe beheerders kunnen profiteren van het gebruik van meettechnologie in stedelijke afwateringssystemen. Wat zijn de 3 redenen die u het meest zouden motiveren om metrologie te gebruiken? ;Behoud van de waarde van de afvoersystemen
60;METex[SQ004];5;Added value through the use of measurement technology;32;3multiselect;De volgende voorbeelden beschrijven hoe beheerders kunnen profiteren van het gebruik van meettechnologie in stedelijke afwateringssystemen. Wat zijn de 3 redenen die u het meest zouden motiveren om metrologie te gebruiken? [Continue monitoring om incidenten te detecteren];De volgende voorbeelden beschrijven hoe beheerders kunnen profiteren van het gebruik van meettechnologie in stedelijke afwateringssystemen. Wat zijn de 3 redenen die u het meest zouden motiveren om metrologie te gebruiken? ;Continue monitoring om incidenten te detecteren
61;METex[SQ005];5;Added value through the use of measurement technology;32;3multiselect;De volgende voorbeelden beschrijven hoe beheerders kunnen profiteren van het gebruik van meettechnologie in stedelijke afwateringssystemen. Wat zijn de 3 redenen die u het meest zouden motiveren om metrologie te gebruiken? [Real-time controle van afvalwatersystemen];De volgende voorbeelden beschrijven hoe beheerders kunnen profiteren van het gebruik van meettechnologie in stedelijke afwateringssystemen. Wat zijn de 3 redenen die u het meest zouden motiveren om metrologie te gebruiken? ;Real-time controle van afvalwatersystemen
62;METex[SQ006];5;Added value through the use of measurement technology;32;3multiselect;De volgende voorbeelden beschrijven hoe beheerders kunnen profiteren van het gebruik van meettechnologie in stedelijke afwateringssystemen. Wat zijn de 3 redenen die u het meest zouden motiveren om metrologie te gebruiken? [Geïntegreerd beheer van afvoernetwerk en afvalwaterzuiveringsinstallatie (en oppervlaktewater)];De volgende voorbeelden beschrijven hoe beheerders kunnen profiteren van het gebruik van meettechnologie in stedelijke afwateringssystemen. Wat zijn de 3 redenen die u het meest zouden motiveren om metrologie te gebruiken? ;Geïntegreerd beheer van afvoernetwerk en afvalwaterzuiveringsinstallatie (en oppervlaktewater)
63;METex[SQ007];5;Added value through the use of measurement technology;32;3multiselect;De volgende voorbeelden beschrijven hoe beheerders kunnen profiteren van het gebruik van meettechnologie in stedelijke afwateringssystemen. Wat zijn de 3 redenen die u het meest zouden motiveren om metrologie te gebruiken? [Basis voor beoordeling voor toekomstige planning];De volgende voorbeelden beschrijven hoe beheerders kunnen profiteren van het gebruik van meettechnologie in stedelijke afwateringssystemen. Wat zijn de 3 redenen die u het meest zouden motiveren om metrologie te gebruiken? ;Basis voor beoordeling voor toekomstige planning
64;METex[SQ008];5;Added value through the use of measurement technology;32;3multiselect;De volgende voorbeelden beschrijven hoe beheerders kunnen profiteren van het gebruik van meettechnologie in stedelijke afwateringssystemen. Wat zijn de 3 redenen die u het meest zouden motiveren om metrologie te gebruiken? [Voorkomen van slechte investeringen];De volgende voorbeelden beschrijven hoe beheerders kunnen profiteren van het gebruik van meettechnologie in stedelijke afwateringssystemen. Wat zijn de 3 redenen die u het meest zouden motiveren om metrologie te gebruiken? ;Voorkomen van slechte investeringen
65;METex[SQ009];5;Added value through the use of measurement technology;32;3multiselect;De volgende voorbeelden beschrijven hoe beheerders kunnen profiteren van het gebruik van meettechnologie in stedelijke afwateringssystemen. Wat zijn de 3 redenen die u het meest zouden motiveren om metrologie te gebruiken? [Prestatiemonitoring en -beoordeling];De volgende voorbeelden beschrijven hoe beheerders kunnen profiteren van het gebruik van meettechnologie in stedelijke afwateringssystemen. Wat zijn de 3 redenen die u het meest zouden motiveren om metrologie te gebruiken? ;Prestatiemonitoring en -beoordeling
66;METex[other];5;Added value through the use of measurement technology;32;3multiselect_text;De volgende voorbeelden beschrijven hoe beheerders kunnen profiteren van het gebruik van meettechnologie in stedelijke afwateringssystemen. Wat zijn de 3 redenen die u het meest zouden motiveren om metrologie te gebruiken? [Overige];De volgende voorbeelden beschrijven hoe beheerders kunnen profiteren van het gebruik van meettechnologie in stedelijke afwateringssystemen. Wat zijn de 3 redenen die u het meest zouden motiveren om metrologie te gebruiken? ;Overige
67;METobst[SQ001];5;Added value through the use of measurement technology;33;3multiselect;Wat zijn de 3 grootste obstakels voor het gebruik van meettechnologie in uw organisatie? [Financiële redenen];Wat zijn de 3 grootste obstakels voor het gebruik van meettechnologie in uw organisatie? ;Financiële redenen
68;METobst[SQ002];5;Added value through the use of measurement technology;33;3multiselect;Wat zijn de 3 grootste obstakels voor het gebruik van meettechnologie in uw organisatie? [Technische moeilijkheden bij het installeren van meetapparatuur];Wat zijn de 3 grootste obstakels voor het gebruik van meettechnologie in uw organisatie? ;Technische moeilijkheden bij het installeren van meetapparatuur
69;METobst[SQ003];5;Added value through the use of measurement technology;33;3multiselect;Wat zijn de 3 grootste obstakels voor het gebruik van meettechnologie in uw organisatie? [Technische moeilijkheden bij het omgaan met de meetgegevens];Wat zijn de 3 grootste obstakels voor het gebruik van meettechnologie in uw organisatie? ;Technische moeilijkheden bij het omgaan met de meetgegevens
70;METobst[SQ004];5;Added value through the use of measurement technology;33;3multiselect;Wat zijn de 3 grootste obstakels voor het gebruik van meettechnologie in uw organisatie? [Gebrek aan gestandaardiseerde procedures];Wat zijn de 3 grootste obstakels voor het gebruik van meettechnologie in uw organisatie? ;Gebrek aan gestandaardiseerde procedures
71;METobst[SQ005];5;Added value through the use of measurement technology;33;3multiselect;Wat zijn de 3 grootste obstakels voor het gebruik van meettechnologie in uw organisatie? [Geen ondersteuning voor gegevensverzameling en -verwerking door de regelgevende instantie];Wat zijn de 3 grootste obstakels voor het gebruik van meettechnologie in uw organisatie? ;Geen ondersteuning voor gegevensverzameling en -verwerking door de regelgevende instantie
72;METobst[SQ006];5;Added value through the use of measurement technology;33;3multiselect;Wat zijn de 3 grootste obstakels voor het gebruik van meettechnologie in uw organisatie? [Geen wettelijke vereisten];Wat zijn de 3 grootste obstakels voor het gebruik van meettechnologie in uw organisatie? ;Geen wettelijke vereisten
73;METobst[SQ007];5;Added value through the use of measurement technology;33;3multiselect;Wat zijn de 3 grootste obstakels voor het gebruik van meettechnologie in uw organisatie? [Metrologie is voor ons niet relevant of noodzakelijk];Wat zijn de 3 grootste obstakels voor het gebruik van meettechnologie in uw organisatie? ;Metrologie is voor ons niet relevant of noodzakelijk
74;METobst[SQ008];5;Added value through the use of measurement technology;33;3multiselect;Wat zijn de 3 grootste obstakels voor het gebruik van meettechnologie in uw organisatie? [Wij weten niet veel over metrologie];Wat zijn de 3 grootste obstakels voor het gebruik van meettechnologie in uw organisatie? ;Wij weten niet veel over metrologie
75;METobst[other];5;Added value through the use of measurement technology;33;3multiselect_text;Wat zijn de 3 grootste obstakels voor het gebruik van meettechnologie in uw organisatie? [Overige];Wat zijn de 3 grootste obstakels voor het gebruik van meettechnologie in uw organisatie? ;Overige
76;MEASplants[SQ001];5;Added value through the use of measurement technology;34;3multiselect;Waarom heeft uw organisatie besloten om de beheerde systemen te monitoren? Selecteer maximaal 3 hoofdredenen. [De werking van het rioolsysteem zichtbaar maken];Waarom heeft uw organisatie besloten om de beheerde systemen te monitoren? Selecteer maximaal 3 hoofdredenen. ;De werking van het rioolsysteem zichtbaar maken
77;MEASplants[SQ002];5;Added value through the use of measurement technology;34;3multiselect;Waarom heeft uw organisatie besloten om de beheerde systemen te monitoren? Selecteer maximaal 3 hoofdredenen. [Kosten- en tijdsbesparing voor het bedienend personeel];Waarom heeft uw organisatie besloten om de beheerde systemen te monitoren? Selecteer maximaal 3 hoofdredenen. ;Kosten- en tijdsbesparing voor het bedienend personeel
78;MEASplants[SQ003];5;Added value through the use of measurement technology;34;3multiselect;Waarom heeft uw organisatie besloten om de beheerde systemen te monitoren? Selecteer maximaal 3 hoofdredenen. [Behoud van de waarde van regenwatersystemen];Waarom heeft uw organisatie besloten om de beheerde systemen te monitoren? Selecteer maximaal 3 hoofdredenen. ;Behoud van de waarde van regenwatersystemen
79;MEASplants[SQ004];5;Added value through the use of measurement technology;34;3multiselect;Waarom heeft uw organisatie besloten om de beheerde systemen te monitoren? Selecteer maximaal 3 hoofdredenen. [Continue monitoring om incidenten te detecteren];Waarom heeft uw organisatie besloten om de beheerde systemen te monitoren? Selecteer maximaal 3 hoofdredenen. ;Continue monitoring om incidenten te detecteren
80;MEASplants[SQ005];5;Added value through the use of measurement technology;34;3multiselect;Waarom heeft uw organisatie besloten om de beheerde systemen te monitoren? Selecteer maximaal 3 hoofdredenen. [Dynamische afvoerregeling van afvalwaterzuiveringsinstallaties];Waarom heeft uw organisatie besloten om de beheerde systemen te monitoren? Selecteer maximaal 3 hoofdredenen. ;Dynamische afvoerregeling van afvalwaterzuiveringsinstallaties
81;MEASplants[SQ006];5;Added value through the use of measurement technology;34;3multiselect;Waarom heeft uw organisatie besloten om de beheerde systemen te monitoren? Selecteer maximaal 3 hoofdredenen. [Geïntegreerd beheer van riolering, afvoernetwerk en RWZI (en waterlichamen)];Waarom heeft uw organisatie besloten om de beheerde systemen te monitoren? Selecteer maximaal 3 hoofdredenen. ;Geïntegreerd beheer van riolering, afvoernetwerk en RWZI (en waterlichamen)
82;MEASplants[SQ007];5;Added value through the use of measurement technology;34;3multiselect;Waarom heeft uw organisatie besloten om de beheerde systemen te monitoren? Selecteer maximaal 3 hoofdredenen. [Basis voor de beoordeling voor toekomstige planning];Waarom heeft uw organisatie besloten om de beheerde systemen te monitoren? Selecteer maximaal 3 hoofdredenen. ;Basis voor de beoordeling voor toekomstige planning
83;MEASplants[SQ008];5;Added value through the use of measurement technology;34;3multiselect;Waarom heeft uw organisatie besloten om de beheerde systemen te monitoren? Selecteer maximaal 3 hoofdredenen. [Voorkomen van slechte investeringen];Waarom heeft uw organisatie besloten om de beheerde systemen te monitoren? Selecteer maximaal 3 hoofdredenen. ;Voorkomen van slechte investeringen
84;MEASplants[SQ009];5;Added value through the use of measurement technology;34;3multiselect;Waarom heeft uw organisatie besloten om de beheerde systemen te monitoren? Selecteer maximaal 3 hoofdredenen. [Prestatiemonitoring en -beoordeling];Waarom heeft uw organisatie besloten om de beheerde systemen te monitoren? Selecteer maximaal 3 hoofdredenen. ;Prestatiemonitoring en -beoordeling
85;MEASplants[other];5;Added value through the use of measurement technology;34;3multiselect_text;Waarom heeft uw organisatie besloten om de beheerde systemen te monitoren? Selecteer maximaal 3 hoofdredenen. [Overige];Waarom heeft uw organisatie besloten om de beheerde systemen te monitoren? Selecteer maximaal 3 hoofdredenen. ;Overige
86;MEunc;5;Added value through the use of measurement technology;35;singleselect;Analyseert u de onzekerheid van de verzamelde monitoringgegevens? (Type A: herhaalde meetwaarden, Type B: wetenschappelijk oordeel, informatie van de sensorfabrikant, foutvoorplanting, etc.);Analyseert u de onzekerheid van de verzamelde monitoringgegevens? (Type A: herhaalde meetwaarden, Type B: wetenschappelijk oordeel, informatie van de sensorfabrikant, foutvoorplanting, etc.);Ja, ik maak onzekerheidsberekeningen van mijn gegevens$Nee, maar ik zou hier meer over willen weten of dit in de toekomst doen$Nee, ik denk niet dat dit nodig is
87;MEunc[comment];5;Added value through the use of measurement technology;35;text;Analyseert u de onzekerheid van de verzamelde monitoringgegevens? (Type A: herhaalde meetwaarden, Type B: wetenschappelijk oordeel, informatie van de sensorfabrikant, foutvoorplanting, etc.) [Opmerking];Analyseert u de onzekerheid van de verzamelde monitoringgegevens? (Type A: herhaalde meetwaarden, Type B: wetenschappelijk oordeel, informatie van de sensorfabrikant, foutvoorplanting, etc.) ;Opmerking
88;IntDrainPlan;6;Collaboration with compliance authority;36;bool;Heeft u een geïntegreerd (water)plan voltooid voor alle systemen die uw organisatie beheert?;Heeft u een geïntegreerd (water)plan voltooid voor alle systemen die uw organisatie beheert?;Ja$Nee
89;IDPyear;6;Collaboration with compliance authority;37;number;In welk jaar is dit plan goedgekeurd?;In welk jaar is dit plan goedgekeurd?;
90;IDPrev;6;Collaboration with compliance authority;38;bool;Wordt dit plan momenteel herzien ?;Wordt dit plan momenteel herzien ?;Ja$Nee
91;ORGcoopUD;6;Collaboration with compliance authority;39;likert;In hoeverre bent u het eens met deze uitspraak:  Onze organisatie werkt goed samen met regelgevende instanties voor stedelijke afwatering;In hoeverre bent u het eens met deze uitspraak:  Onze organisatie werkt goed samen met regelgevende instanties voor stedelijke afwatering;
92;EMPevent;7;Further education/ Professional competence;40;bool;Hebben medewerkers van uw organisatie in het afgelopen jaar deelgenomen aan een van de volgende professionele evenementen?   	Vakbeurs (bijv. IFAT) 	Nationale verenigingsbijeenkomst (Bijeenkomst van de nationale belangengroepen voor Stedelijke Afwatering, Waterlichamen, Afvalwater of Riolering) 	Nationale conferentie over stedelijke afwatering 	Evenement van het regulerend orgaan op het gebied van stedelijke afwatering 	Klantevenement van een technisch adviesbureau 	Klantevenement van een bedrijf gerelateerd aan meettechnologie of automatisering;Hebben medewerkers van uw organisatie in het afgelopen jaar deelgenomen aan een van de volgende professionele evenementen?   	Vakbeurs (bijv. IFAT) 	Nationale verenigingsbijeenkomst (Bijeenkomst van de nationale belangengroepen voor Stedelijke Afwatering, Waterlichamen, Afvalwater of Riolering) 	Nationale conferentie over stedelijke afwatering 	Evenement van het regulerend orgaan op het gebied van stedelijke afwatering 	Klantevenement van een technisch adviesbureau 	Klantevenement van een bedrijf gerelateerd aan meettechnologie of automatisering;Ja$Nee
93;MEAStp;8;Personal attitude of management;41;singleselect;Heeft uw organisatie al een derde partij (bijv. een elektrotechnisch of technisch adviseur) opdracht gegeven om het onderhoud van de meettechnologie (bijv. regelmatige reiniging en kalibratie van meetinstrumenten) of de evaluatie van meetgegevens uit te voeren?;Heeft uw organisatie al een derde partij (bijv. een elektrotechnisch of technisch adviseur) opdracht gegeven om het onderhoud van de meettechnologie (bijv. regelmatige reiniging en kalibratie van meetinstrumenten) of de evaluatie van meetgegevens uit te voeren?;Ja, zowel voor het onderhoud van de meettechnologie als voor de evaluatie van de meetgegevens$Ja, voor de evaluatie van de meetgegevens$Ja, voor het onderhoud van de meetapparatuur$Nee, geen van beide
94;woWWTP;8;Personal attitude of management;42;singleselect;Do you think it makes sense for the wastewater operator to operate both the WWTP and all urban drainage systems in the long term? ;Do you think it makes sense for the wastewater operator to operate both the WWTP and all urban drainage systems in the long term? ;Nee$Overige$Ja, het is zinvol om alle regenwatersystemen en het bovenstedelijk rioolstelsel (als regel zijn dat persleidingen en eindgemalen) binnen een organsiatie te beheren.$Ja, het is zinvol om alle regenwatersystemen en het gehele rioleringsstelsel in het gebied van de vereniging over te nemen$Ja, het is zinvol om alle stedelijke afwateringsactiva in een organisatie te beheren
95;woWWTP[other];8;Personal attitude of management;42;singleselect_text;Do you think it makes sense for the wastewater operator to operate both the WWTP and all urban drainage systems in the long term?  [Overige];Do you think it makes sense for the wastewater operator to operate both the WWTP and all urban drainage systems in the long term?  ;Overige
96;SSvision;8;Personal attitude of management;43;singleselect;"Een mogelijke visie voor de toekomst:  ""Regenwatersystemen en rioleringen zijn uitgerust met een dicht netwerk van sensoren. De meetsignalen worden live naar een besturingssysteem verzonden via een landelijk draadloos netwerk, automatisch gecontroleerd, geëvalueerd en gearchiveerd. Deze permanente monitoring van de systemen wordt mogelijk gemaakt door de voortschrijdende technologische ontwikkeling op het gebied van communicatie-, besturings- en automatiseringstechnologie.""  Wat vindt u persoonlijk van de beschreven visie?";"Een mogelijke visie voor de toekomst:  ""Regenwatersystemen en rioleringen zijn uitgerust met een dicht netwerk van sensoren. De meetsignalen worden live naar een besturingssysteem verzonden via een landelijk draadloos netwerk, automatisch gecontroleerd, geëvalueerd en gearchiveerd. Deze permanente monitoring van de systemen wordt mogelijk gemaakt door de voortschrijdende technologische ontwikkeling op het gebied van communicatie-, besturings- en automatiseringstechnologie.""  Wat vindt u persoonlijk van de beschreven visie?";Ik wijs deze visie af omdat ik niet veel zie in het gebruik van dergelijke moderne technologieën voor de activa van onze afvalwaterassociatie$Ik ben voor deze visie en sta in het algemeen open voor het gebruik van dergelijke moderne technologieën voor de faciliteiten van onze organisatie$Ik steun deze visie onder de volgende voorwaarde(n):
97;SSvision[comment];8;Personal attitude of management;43;text;"Een mogelijke visie voor de toekomst:  ""Regenwatersystemen en rioleringen zijn uitgerust met een dicht netwerk van sensoren. De meetsignalen worden live naar een besturingssysteem verzonden via een landelijk draadloos netwerk, automatisch gecontroleerd, geëvalueerd en gearchiveerd. Deze permanente monitoring van de systemen wordt mogelijk gemaakt door de voortschrijdende technologische ontwikkeling op het gebied van communicatie-, besturings- en automatiseringstechnologie.""  Wat vindt u persoonlijk van de beschreven visie? [Opmerking]";"Een mogelijke visie voor de toekomst:  ""Regenwatersystemen en rioleringen zijn uitgerust met een dicht netwerk van sensoren. De meetsignalen worden live naar een besturingssysteem verzonden via een landelijk draadloos netwerk, automatisch gecontroleerd, geëvalueerd en gearchiveerd. Deze permanente monitoring van de systemen wordt mogelijk gemaakt door de voortschrijdende technologische ontwikkeling op het gebied van communicatie-, besturings- en automatiseringstechnologie.""  Wat vindt u persoonlijk van de beschreven visie? ";Opmerking
98;CSOpublic;8;Personal attitude of management;44;singleselect;"Een andere mogelijke toekomstvisie:  ""In de toekomst worden monitoringsgegevens van gemengde overstorten openbaar gemaakt op een transparant en gemakkelijk toegankelijk platform dat gemeenschappen en belanghebbenden voorziet van realtime informatie over rioleringssystemen en hun impact op het milieu. Door gegevens over rioleringsinfrastructuur, prestaties en onderhoud openlijk te delen, streven we naar bevordering van samenwerking, innovatie en geïnformeerde besluitvorming, uiteindelijk ter verbetering van de efficiëntie, duurzaamheid en veerkracht van ons afvalwatersysteem.""  Wat vindt u persoonlijk van de beschreven visie?";"Een andere mogelijke toekomstvisie:  ""In de toekomst worden monitoringsgegevens van gemengde overstorten openbaar gemaakt op een transparant en gemakkelijk toegankelijk platform dat gemeenschappen en belanghebbenden voorziet van realtime informatie over rioleringssystemen en hun impact op het milieu. Door gegevens over rioleringsinfrastructuur, prestaties en onderhoud openlijk te delen, streven we naar bevordering van samenwerking, innovatie en geïnformeerde besluitvorming, uiteindelijk ter verbetering van de efficiëntie, duurzaamheid en veerkracht van ons afvalwatersysteem.""  Wat vindt u persoonlijk van de beschreven visie?";Ik wijs deze visie af omdat ik vind dat gegevens van afvalwaterinfrastructuur niet openbaar beschikbaar moeten zijn$Ik ben het eens met deze visie, omdat ik over het algemeen vind dat transparantie de effectiviteit verbetert en innovatie bevordert$Ik steun deze visie onder de volgende voorwaarde(n):
99;CSOpublic[comment];8;Personal attitude of management;44;text;"Een andere mogelijke toekomstvisie:  ""In de toekomst worden monitoringsgegevens van gemengde overstorten openbaar gemaakt op een transparant en gemakkelijk toegankelijk platform dat gemeenschappen en belanghebbenden voorziet van realtime informatie over rioleringssystemen en hun impact op het milieu. Door gegevens over rioleringsinfrastructuur, prestaties en onderhoud openlijk te delen, streven we naar bevordering van samenwerking, innovatie en geïnformeerde besluitvorming, uiteindelijk ter verbetering van de efficiëntie, duurzaamheid en veerkracht van ons afvalwatersysteem.""  Wat vindt u persoonlijk van de beschreven visie? [Opmerking]";"Een andere mogelijke toekomstvisie:  ""In de toekomst worden monitoringsgegevens van gemengde overstorten openbaar gemaakt op een transparant en gemakkelijk toegankelijk platform dat gemeenschappen en belanghebbenden voorziet van realtime informatie over rioleringssystemen en hun impact op het milieu. Door gegevens over rioleringsinfrastructuur, prestaties en onderhoud openlijk te delen, streven we naar bevordering van samenwerking, innovatie en geïnformeerde besluitvorming, uiteindelijk ter verbetering van de efficiëntie, duurzaamheid en veerkracht van ons afvalwatersysteem.""  Wat vindt u persoonlijk van de beschreven visie? ";Opmerking
100;CSOlaw;9;Legal framework and guidelines;45;bool;Is er een juridische basis voor de prestatiebewaking van gemengde riooloverstorten (wet)?;Is er een juridische basis voor de prestatiebewaking van gemengde riooloverstorten (wet)?;Ja$Nee
101;impREG;9;Legal framework and guidelines;46;bool;Is er een juridisch bindende uitvoeringsverordening/regelgeving beschikbaar?;Is er een juridisch bindende uitvoeringsverordening/regelgeving beschikbaar?;Ja$Nee
102;TSguide;9;Legal framework and guidelines;47;bool;Zijn er technische normen en richtlijnen beschikbaar?;Zijn er technische normen en richtlijnen beschikbaar?;Ja$Nee
103;REGapply;9;Legal framework and guidelines;48;bool;Worden de bestaande regelgevingen toegepast door de exploitant?;Worden de bestaande regelgevingen toegepast door de exploitant?;Ja$Nee
104;REGenf;9;Legal framework and guidelines;49;bool;Worden de bestaande regelgevingen door alle actoren gehandhaafd?;Worden de bestaande regelgevingen door alle actoren gehandhaafd?;Ja$Nee
105;CSOreg[SQ001];9;Legal framework and guidelines;50;multiselect;Hoe worden bestaande gemengde riooloverstorten gereguleerd? [Beperking van de belasting van de RWI];Hoe worden bestaande gemengde riooloverstorten gereguleerd? ;Beperking van de belasting van de RWI
106;CSOreg[SQ002];9;Legal framework and guidelines;50;multiselect;Hoe worden bestaande gemengde riooloverstorten gereguleerd? [Lozingsfrequentie];Hoe worden bestaande gemengde riooloverstorten gereguleerd? ;Lozingsfrequentie
107;CSOreg[SQ003];9;Legal framework and guidelines;50;multiselect;Hoe worden bestaande gemengde riooloverstorten gereguleerd? [Lozingsvolume];Hoe worden bestaande gemengde riooloverstorten gereguleerd? ;Lozingsvolume
108;CSOreg[SQ004];9;Legal framework and guidelines;50;multiselect;Hoe worden bestaande gemengde riooloverstorten gereguleerd? [Effect op het ontvangende oppervlaktewater];Hoe worden bestaande gemengde riooloverstorten gereguleerd? ;Effect op het ontvangende oppervlaktewater
109;CSOreg[other];9;Legal framework and guidelines;50;multiselect_text;Hoe worden bestaande gemengde riooloverstorten gereguleerd? [Overige];Hoe worden bestaande gemengde riooloverstorten gereguleerd? ;Overige
110;CSOmonit[1];10;Future improvements;51;rank_text;Wat denkt u dat zou kunnen helpen bij het bevorderen van de monitoring van gemengde riooloverstorten?  Selecteer 3 van de genoemde suggesties en wijs deze toe volgens uw prioriteiten (1e, 2e en 3e prioriteit). U heeft ook de mogelijkheid om uw eigen voorstel te doen. [Rang 1];Wat denkt u dat zou kunnen helpen bij het bevorderen van de monitoring van gemengde riooloverstorten?  Selecteer 3 van de genoemde suggesties en wijs deze toe volgens uw prioriteiten (1e, 2e en 3e prioriteit). U heeft ook de mogelijkheid om uw eigen voorstel te doen. ;Rang 1
111;CSOmonit[2];10;Future improvements;51;rank_text;Wat denkt u dat zou kunnen helpen bij het bevorderen van de monitoring van gemengde riooloverstorten?  Selecteer 3 van de genoemde suggesties en wijs deze toe volgens uw prioriteiten (1e, 2e en 3e prioriteit). U heeft ook de mogelijkheid om uw eigen voorstel te doen. [Rang 2];Wat denkt u dat zou kunnen helpen bij het bevorderen van de monitoring van gemengde riooloverstorten?  Selecteer 3 van de genoemde suggesties en wijs deze toe volgens uw prioriteiten (1e, 2e en 3e prioriteit). U heeft ook de mogelijkheid om uw eigen voorstel te doen. ;Rang 2
112;CSOmonit[3];10;Future improvements;51;rank_text;Wat denkt u dat zou kunnen helpen bij het bevorderen van de monitoring van gemengde riooloverstorten?  Selecteer 3 van de genoemde suggesties en wijs deze toe volgens uw prioriteiten (1e, 2e en 3e prioriteit). U heeft ook de mogelijkheid om uw eigen voorstel te doen. [Rang 3];Wat denkt u dat zou kunnen helpen bij het bevorderen van de monitoring van gemengde riooloverstorten?  Selecteer 3 van de genoemde suggesties en wijs deze toe volgens uw prioriteiten (1e, 2e en 3e prioriteit). U heeft ook de mogelijkheid om uw eigen voorstel te doen. ;Rang 3
113;CSOmonit[4];10;Future improvements;51;rank_text;Wat denkt u dat zou kunnen helpen bij het bevorderen van de monitoring van gemengde riooloverstorten?  Selecteer 3 van de genoemde suggesties en wijs deze toe volgens uw prioriteiten (1e, 2e en 3e prioriteit). U heeft ook de mogelijkheid om uw eigen voorstel te doen. [Rang 4];Wat denkt u dat zou kunnen helpen bij het bevorderen van de monitoring van gemengde riooloverstorten?  Selecteer 3 van de genoemde suggesties en wijs deze toe volgens uw prioriteiten (1e, 2e en 3e prioriteit). U heeft ook de mogelijkheid om uw eigen voorstel te doen. ;Rang 4
114;CSOmonit[5];10;Future improvements;51;rank_text;Wat denkt u dat zou kunnen helpen bij het bevorderen van de monitoring van gemengde riooloverstorten?  Selecteer 3 van de genoemde suggesties en wijs deze toe volgens uw prioriteiten (1e, 2e en 3e prioriteit). U heeft ook de mogelijkheid om uw eigen voorstel te doen. [Rang 5];Wat denkt u dat zou kunnen helpen bij het bevorderen van de monitoring van gemengde riooloverstorten?  Selecteer 3 van de genoemde suggesties en wijs deze toe volgens uw prioriteiten (1e, 2e en 3e prioriteit). U heeft ook de mogelijkheid om uw eigen voorstel te doen. ;Rang 5
115;CSOmonit[6];10;Future improvements;51;rank_text;Wat denkt u dat zou kunnen helpen bij het bevorderen van de monitoring van gemengde riooloverstorten?  Selecteer 3 van de genoemde suggesties en wijs deze toe volgens uw prioriteiten (1e, 2e en 3e prioriteit). U heeft ook de mogelijkheid om uw eigen voorstel te doen. [Rang 6];Wat denkt u dat zou kunnen helpen bij het bevorderen van de monitoring van gemengde riooloverstorten?  Selecteer 3 van de genoemde suggesties en wijs deze toe volgens uw prioriteiten (1e, 2e en 3e prioriteit). U heeft ook de mogelijkheid om uw eigen voorstel te doen. ;Rang 6
116;CSOmonit[7];10;Future improvements;51;rank_text;Wat denkt u dat zou kunnen helpen bij het bevorderen van de monitoring van gemengde riooloverstorten?  Selecteer 3 van de genoemde suggesties en wijs deze toe volgens uw prioriteiten (1e, 2e en 3e prioriteit). U heeft ook de mogelijkheid om uw eigen voorstel te doen. [Rang 7];Wat denkt u dat zou kunnen helpen bij het bevorderen van de monitoring van gemengde riooloverstorten?  Selecteer 3 van de genoemde suggesties en wijs deze toe volgens uw prioriteiten (1e, 2e en 3e prioriteit). U heeft ook de mogelijkheid om uw eigen voorstel te doen. ;Rang 7
117;CSOmonit[8];10;Future improvements;51;rank_text;Wat denkt u dat zou kunnen helpen bij het bevorderen van de monitoring van gemengde riooloverstorten?  Selecteer 3 van de genoemde suggesties en wijs deze toe volgens uw prioriteiten (1e, 2e en 3e prioriteit). U heeft ook de mogelijkheid om uw eigen voorstel te doen. [Rang 8];Wat denkt u dat zou kunnen helpen bij het bevorderen van de monitoring van gemengde riooloverstorten?  Selecteer 3 van de genoemde suggesties en wijs deze toe volgens uw prioriteiten (1e, 2e en 3e prioriteit). U heeft ook de mogelijkheid om uw eigen voorstel te doen. ;Rang 8
118;CSOmonit[9];10;Future improvements;51;rank_text;Wat denkt u dat zou kunnen helpen bij het bevorderen van de monitoring van gemengde riooloverstorten?  Selecteer 3 van de genoemde suggesties en wijs deze toe volgens uw prioriteiten (1e, 2e en 3e prioriteit). U heeft ook de mogelijkheid om uw eigen voorstel te doen. [Rang 9];Wat denkt u dat zou kunnen helpen bij het bevorderen van de monitoring van gemengde riooloverstorten?  Selecteer 3 van de genoemde suggesties en wijs deze toe volgens uw prioriteiten (1e, 2e en 3e prioriteit). U heeft ook de mogelijkheid om uw eigen voorstel te doen. ;Rang 9
119;CSOmonit[10];10;Future improvements;51;rank_text;Wat denkt u dat zou kunnen helpen bij het bevorderen van de monitoring van gemengde riooloverstorten?  Selecteer 3 van de genoemde suggesties en wijs deze toe volgens uw prioriteiten (1e, 2e en 3e prioriteit). U heeft ook de mogelijkheid om uw eigen voorstel te doen. [Rang 10];Wat denkt u dat zou kunnen helpen bij het bevorderen van de monitoring van gemengde riooloverstorten?  Selecteer 3 van de genoemde suggesties en wijs deze toe volgens uw prioriteiten (1e, 2e en 3e prioriteit). U heeft ook de mogelijkheid om uw eigen voorstel te doen. ;Rang 10
120;CSOmonit[11];10;Future improvements;51;rank_text;Wat denkt u dat zou kunnen helpen bij het bevorderen van de monitoring van gemengde riooloverstorten?  Selecteer 3 van de genoemde suggesties en wijs deze toe volgens uw prioriteiten (1e, 2e en 3e prioriteit). U heeft ook de mogelijkheid om uw eigen voorstel te doen. [Rang 11];Wat denkt u dat zou kunnen helpen bij het bevorderen van de monitoring van gemengde riooloverstorten?  Selecteer 3 van de genoemde suggesties en wijs deze toe volgens uw prioriteiten (1e, 2e en 3e prioriteit). U heeft ook de mogelijkheid om uw eigen voorstel te doen. ;Rang 11
121;CSOmonit[12];10;Future improvements;51;rank_text;Wat denkt u dat zou kunnen helpen bij het bevorderen van de monitoring van gemengde riooloverstorten?  Selecteer 3 van de genoemde suggesties en wijs deze toe volgens uw prioriteiten (1e, 2e en 3e prioriteit). U heeft ook de mogelijkheid om uw eigen voorstel te doen. [Rang 12];Wat denkt u dat zou kunnen helpen bij het bevorderen van de monitoring van gemengde riooloverstorten?  Selecteer 3 van de genoemde suggesties en wijs deze toe volgens uw prioriteiten (1e, 2e en 3e prioriteit). U heeft ook de mogelijkheid om uw eigen voorstel te doen. ;Rang 12
122;CSOownprop;10;Future improvements;52;text;Schrijf uw voorstel voor de vraag:  Wat denkt u dat zou kunnen helpen bij het bevorderen van de monitoring van gemengde riooloverstorten?;Schrijf uw voorstel voor de vraag:  Wat denkt u dat zou kunnen helpen bij het bevorderen van de monitoring van gemengde riooloverstorten?;
123;UDfeed;10;Future improvements;53;text;"Heeft u nog verdere opmerkingen of ideeën over het onderwerp ""Waterbescherming tijdens nat weer - organisatie van stedelijke afwatering"" of over onze vragenlijst?";"Heeft u nog verdere opmerkingen of ideeën over het onderwerp ""Waterbescherming tijdens nat weer - organisatie van stedelijke afwatering"" of over onze vragenlijst?";
124;CIsurvey[SQ001];11;Interest in Co-UDLabs;54;text;U kunt optioneel uw contactgegevens invoeren. Hierdoor geeft u ons de mogelijkheid om om een nadere telichting te vragen. We informeren u ook graag per e-mail over de resultaten van de enquête. [Forename:];U kunt optioneel uw contactgegevens invoeren. Hierdoor geeft u ons de mogelijkheid om om een nadere telichting te vragen. We informeren u ook graag per e-mail over de resultaten van de enquête. ;Forename:
125;CIsurvey[SQ002];11;Interest in Co-UDLabs;54;text;U kunt optioneel uw contactgegevens invoeren. Hierdoor geeft u ons de mogelijkheid om om een nadere telichting te vragen. We informeren u ook graag per e-mail over de resultaten van de enquête. [Surname:];U kunt optioneel uw contactgegevens invoeren. Hierdoor geeft u ons de mogelijkheid om om een nadere telichting te vragen. We informeren u ook graag per e-mail over de resultaten van de enquête. ;Surname:
126;CIsurvey[SQ003];11;Interest in Co-UDLabs;54;text;U kunt optioneel uw contactgegevens invoeren. Hierdoor geeft u ons de mogelijkheid om om een nadere telichting te vragen. We informeren u ook graag per e-mail over de resultaten van de enquête. [Name of the Wastewater Association:];U kunt optioneel uw contactgegevens invoeren. Hierdoor geeft u ons de mogelijkheid om om een nadere telichting te vragen. We informeren u ook graag per e-mail over de resultaten van de enquête. ;Name of the Wastewater Association:
127;CIsurvey[SQ004];11;Interest in Co-UDLabs;54;text;U kunt optioneel uw contactgegevens invoeren. Hierdoor geeft u ons de mogelijkheid om om een nadere telichting te vragen. We informeren u ook graag per e-mail over de resultaten van de enquête. [Email:];U kunt optioneel uw contactgegevens invoeren. Hierdoor geeft u ons de mogelijkheid om om een nadere telichting te vragen. We informeren u ook graag per e-mail over de resultaten van de enquête. ;Email:
128;CIsurvey[SQ005];11;Interest in Co-UDLabs;54;text;U kunt optioneel uw contactgegevens invoeren. Hierdoor geeft u ons de mogelijkheid om om een nadere telichting te vragen. We informeren u ook graag per e-mail over de resultaten van de enquête. [Phone number:];U kunt optioneel uw contactgegevens invoeren. Hierdoor geeft u ons de mogelijkheid om om een nadere telichting te vragen. We informeren u ook graag per e-mail over de resultaten van de enquête. ;Phone number:
129;COUDapply[SQ001];11;Interest in Co-UDLabs;55;multiselect;U kunt zich aanmelden om deel uit te maken van een Co-UDLabs early adopter-groep van innovatieve nutsbedrijven om ervaringen te delen over CSO en gegevensbeheer [Ik wil deelnemen aan de early adopter-groep];U kunt zich aanmelden om deel uit te maken van een Co-UDLabs early adopter-groep van innovatieve nutsbedrijven om ervaringen te delen over CSO en gegevensbeheer ;Ik wil deelnemen aan de early adopter-groep
130;COUDapply[SQ002];11;Interest in Co-UDLabs;55;multiselect;U kunt zich aanmelden om deel uit te maken van een Co-UDLabs early adopter-groep van innovatieve nutsbedrijven om ervaringen te delen over CSO en gegevensbeheer [Neem contact met mij op voor informatie over verdere implementatieacties, om beleidssuggesties te bespreken, wetenschappelijke ontwikkelingen te evalueren, enz.];U kunt zich aanmelden om deel uit te maken van een Co-UDLabs early adopter-groep van innovatieve nutsbedrijven om ervaringen te delen over CSO en gegevensbeheer ;Neem contact met mij op voor informatie over verdere implementatieacties, om beleidssuggesties te bespreken, wetenschappelijke ontwikkelingen te evalueren, enz.
131;interviewtime;0;Metadata;56;;Totaaltijd;Totaaltijd;
132;groupTime3815;0;Metadata;56;;Groepstijd: Algemene informatie;Groepstijd: Algemene informatie;
133;yearTime;0;Metadata;56;;Vraagtijd: year;Vraagtijd: year;
134;NemployeesTime;0;Metadata;56;;Vraagtijd: Nemployees;Vraagtijd: Nemployees;
135;NcommunitiesTime;0;Metadata;56;;Vraagtijd: Ncommunities;Vraagtijd: Ncommunities;
136;managementTime;0;Metadata;56;;Vraagtijd: management;Vraagtijd: management;
137;freeINDandDECTime;0;Metadata;56;;Vraagtijd: freeINDandDEC;Vraagtijd: freeINDandDEC;
138;freeFINandGOVTime;0;Metadata;56;;Vraagtijd: freeFINandGOV;Vraagtijd: freeFINandGOV;
139;AREAtotalTime;0;Metadata;56;;Vraagtijd: AREAtotal;Vraagtijd: AREAtotal;
140;AREAredTime;0;Metadata;56;;Vraagtijd: AREAred;Vraagtijd: AREAred;
141;facilitiesTime;0;Metadata;56;;Vraagtijd: facilities;Vraagtijd: facilities;
142;groupTime3816;0;Metadata;56;;Groepstijd: Elementen van rioolinfrastructuur;Groepstijd: Elementen van rioolinfrastructuur;
143;NCSOsTime;0;Metadata;56;;Vraagtijd: NCSOs;Vraagtijd: NCSOs;
144;CSOrehabTime;0;Metadata;56;;Vraagtijd: CSOrehab;Vraagtijd: CSOrehab;
145;CSOinvestTime;0;Metadata;56;;Vraagtijd: CSOinvest;Vraagtijd: CSOinvest;
146;NpumpstatTime;0;Metadata;56;;Vraagtijd: Npumpstat;Vraagtijd: Npumpstat;
147;groupTime3817;0;Metadata;56;;Groepstijd: Monitoringstechnologie voor riooloverstorten;Groepstijd: Monitoringstechnologie voor riooloverstorten;
148;MvarCSOTime;0;Metadata;56;;Vraagtijd: MvarCSO;Vraagtijd: MvarCSO;
149;NinstrumCSOTime;0;Metadata;56;;Vraagtijd: NinstrumCSO;Vraagtijd: NinstrumCSO;
150;NpluviomTime;0;Metadata;56;;Vraagtijd: Npluviom;Vraagtijd: Npluviom;
151;groupTime3818;0;Metadata;56;;Groepstijd: Gegevensoverdracht en -beheer;Groepstijd: Gegevensoverdracht en -beheer;
152;WLmeasTime;0;Metadata;56;;Vraagtijd: WLmeas;Vraagtijd: WLmeas;
153;WLplantsTime;0;Metadata;56;;Vraagtijd: WLplants;Vraagtijd: WLplants;
154;WLassessTime;0;Metadata;56;;Vraagtijd: WLassess;Vraagtijd: WLassess;
155;WLdataQltyTime;0;Metadata;56;;Vraagtijd: WLdataQlty;Vraagtijd: WLdataQlty;
156;WLdataQLTYbadTime;0;Metadata;56;;Vraagtijd: WLdataQLTYbad;Vraagtijd: WLdataQLTYbad;
157;WQproblm2Time;0;Metadata;56;;Vraagtijd: WQproblm2;Vraagtijd: WQproblm2;
158;ORGshareTime;0;Metadata;56;;Vraagtijd: ORGshare;Vraagtijd: ORGshare;
159;groupTime3821;0;Metadata;56;;Groepstijd: Toegevoegde waarde door het gebruik van meettechnologie;Groepstijd: Toegevoegde waarde door het gebruik van meettechnologie;
160;MTavailTime;0;Metadata;56;;Vraagtijd: MTavail;Vraagtijd: MTavail;
161;METexTime;0;Metadata;56;;Vraagtijd: METex;Vraagtijd: METex;
162;METobstTime;0;Metadata;56;;Vraagtijd: METobst;Vraagtijd: METobst;
163;MEASplantsTime;0;Metadata;56;;Vraagtijd: MEASplants;Vraagtijd: MEASplants;
164;MEuncTime;0;Metadata;56;;Vraagtijd: MEunc;Vraagtijd: MEunc;
165;groupTime3822;0;Metadata;56;;Groepstijd: Samenwerking met het bevoegd gezag;Groepstijd: Samenwerking met het bevoegd gezag;
166;IntDrainPlanTime;0;Metadata;56;;Vraagtijd: IntDrainPlan;Vraagtijd: IntDrainPlan;
167;IDPyearTime;0;Metadata;56;;Vraagtijd: IDPyear;Vraagtijd: IDPyear;
168;IDPrevTime;0;Metadata;56;;Vraagtijd: IDPrev;Vraagtijd: IDPrev;
169;ORGcoopUDTime;0;Metadata;56;;Vraagtijd: ORGcoopUD;Vraagtijd: ORGcoopUD;
170;groupTime3823;0;Metadata;56;;Groepstijd: Verdere opleiding;Groepstijd: Verdere opleiding;
171;EMPeventTime;0;Metadata;56;;Vraagtijd: EMPevent;Vraagtijd: EMPevent;
172;groupTime3824;0;Metadata;56;;Groepstijd: Persoonlijke houding van het management;Groepstijd: Persoonlijke houding van het management;
173;MEAStpTime;0;Metadata;56;;Vraagtijd: MEAStp;Vraagtijd: MEAStp;
174;woWWTPTime;0;Metadata;56;;Vraagtijd: woWWTP;Vraagtijd: woWWTP;
175;SSvisionTime;0;Metadata;56;;Vraagtijd: SSvision;Vraagtijd: SSvision;
176;CSOpublicTime;0;Metadata;56;;Vraagtijd: CSOpublic;Vraagtijd: CSOpublic;
177;groupTime3825;0;Metadata;56;;Groepstijd: Juridisch kader en richtlijnen;Groepstijd: Juridisch kader en richtlijnen;
178;CSOlawTime;0;Metadata;56;;Vraagtijd: CSOlaw;Vraagtijd: CSOlaw;
179;impREGTime;0;Metadata;56;;Vraagtijd: impREG;Vraagtijd: impREG;
180;TSguideTime;0;Metadata;56;;Vraagtijd: TSguide;Vraagtijd: TSguide;
181;REGapplyTime;0;Metadata;56;;Vraagtijd: REGapply;Vraagtijd: REGapply;
182;REGenfTime;0;Metadata;56;;Vraagtijd: REGenf;Vraagtijd: REGenf;
183;CSOregTime;0;Metadata;56;;Vraagtijd: CSOreg;Vraagtijd: CSOreg;
184;groupTime3826;0;Metadata;56;;Groepstijd: Toekomstige verbeteringen;Groepstijd: Toekomstige verbeteringen;
185;CSOmonitTime;0;Metadata;56;;Vraagtijd: CSOmonit;Vraagtijd: CSOmonit;
186;CSOownpropTime;0;Metadata;56;;Vraagtijd: CSOownprop;Vraagtijd: CSOownprop;
187;UDfeedTime;0;Metadata;56;;Vraagtijd: UDfeed;Vraagtijd: UDfeed;
188;groupTime3827;0;Metadata;56;;Groepstijd: Interesse in Co-UDLabs;Groepstijd: Interesse in Co-UDLabs;
189;CIsurveyTime;0;Metadata;56;;Vraagtijd: CIsurvey;Vraagtijd: CIsurvey;
190;COUDapplyTime;0;Metadata;56;;Vraagtijd: COUDapply;Vraagtijd: COUDapply;
